--
-- PostgreSQL database dump
--

-- Dumped from database version 9.3.4
-- Dumped by pg_dump version 9.3.4
-- Started on 2014-09-01 21:40:08

SET statement_timeout = 0;
SET lock_timeout = 0;
SET client_encoding = 'UTF8';
SET standard_conforming_strings = on;
SET check_function_bodies = false;
SET client_min_messages = warning;

SET search_path = public, pg_catalog;

--
-- TOC entry 2030 (class 0 OID 57957)
-- Dependencies: 180
-- Data for Name: rol; Type: TABLE DATA; Schema: public; Owner: postgres
--

COPY rol (idrol, rol) FROM stdin;
1	ROLE_ADMIN
2	ROLE_DOCTOR
3	ROLE_EMPLOYEE
4	ROLE_CLIENT
\.


--
-- TOC entry 2034 (class 0 OID 57973)
-- Dependencies: 184
-- Data for Name: usuario; Type: TABLE DATA; Schema: public; Owner: postgres
--

COPY usuario (cedula, nombre, apellido, email, password, direccion, idrol) FROM stdin;
920818184	cristhian	ponguillo	cjpongui@yahoo.com	cjpongui	Acacias	2
923468780	jimmy	banchon	jialbanc@hotmail.com	jial	Alborada	4
930561022	vanessa	revelo	vanessarevelo@ymail.com	vane	Cdls.Orquideas	1
950425677	stephany	samaniego	sksamani@gmail.com	samani	Villa Club	3
0930425731	hector	gonzalez	hagv15@hotmail.com	hagv	villa club estapa doral	4
0965857410	Carmen	Suarez	csuarez@gmail.com	carmsuar	sauces 2	3
0952854513	Laura	Salinas	lau_salinas@gmail.com	laurasalin	florida norte	4
0989647452	Karla	Villarroel	solitaria@hotmail.com	kavilla	la joya	2
0963524189	Michael	Samaniego	michaelsama@gmail.com	micsama	sauces 7	2
0940608570	Eduardo	Velasco	euvg@gmail.com	edvleas	riombamba y manuel galecio	4
\.


--
-- TOC entry 2026 (class 0 OID 57941)
-- Dependencies: 176
-- Data for Name: mascotas; Type: TABLE DATA; Schema: public; Owner: postgres
--

COPY mascotas (idmascotas, idusuario, nombre, sexo, edad, raza, enfermedades) FROM stdin;
1	923468780	pecas	macho	9	dalmata	ninguna
2	923468780	nanny	hembra	4	rottweiller	ninguna
3	0930425731	chester	macho	6	coquer	ninguna
5	0952854513	titi	hembra	3	bulldog	ninguna
4	0940608570	willy	macho	10	loro	ninguna
\.


--
-- TOC entry 2020 (class 0 OID 57920)
-- Dependencies: 170
-- Data for Name: citas; Type: TABLE DATA; Schema: public; Owner: postgres
--

COPY citas (idcitas, fecha, hora, estado, idmascota, medicina, diagnostico, observaciones) FROM stdin;
3	2014/08/21	11:00	disponible	\N	\N	\N	\N
4	2014/08/22	01:00	disponible	\N	\N	\N	\N
1	2014/08/17	10:00	concluido	2	Synulox	Moquillo	Se encuentra con una infecci칩n y esta un poco recaido
2	2014/08/15	20:30	concluido	1	Complejo B	Ninguno	Se encuentra en perfecto estado de salud
6	2014/08/22	08:00	reservado	1	\N	\N	\N
7	2014/09/05	10:00	disponible	\N	\N	\N	\N
8	2014/09/06	12:00	disponible	\N	\N	\N	\N
9	2014/08/30	13:00	concluido	3	complejo B	ninguno	Posee mucha picazon en sus patitas
\.


--
-- TOC entry 2041 (class 0 OID 0)
-- Dependencies: 171
-- Name: citas_idcitas_seq; Type: SEQUENCE SET; Schema: public; Owner: postgres
--

SELECT pg_catalog.setval('citas_idcitas_seq', 8, true);


--
-- TOC entry 2022 (class 0 OID 57928)
-- Dependencies: 172
-- Data for Name: contactenos; Type: TABLE DATA; Schema: public; Owner: postgres
--

COPY contactenos (idcontactenos, idusuario, asunto, mensaje) FROM stdin;
1	923468780	Precios	Buenas tardes, me podria ayudar con los precios de las Vacunas, Muchas gracias.
\.


--
-- TOC entry 2042 (class 0 OID 0)
-- Dependencies: 173
-- Name: contactenos_idcontactenos_seq; Type: SEQUENCE SET; Schema: public; Owner: postgres
--

SELECT pg_catalog.setval('contactenos_idcontactenos_seq', 1, true);


--
-- TOC entry 2032 (class 0 OID 57965)
-- Dependencies: 182
-- Data for Name: servicios; Type: TABLE DATA; Schema: public; Owner: postgres
--

COPY servicios (idservicio, servicio) FROM stdin;
1	ba침o
2	vacunas
3	despulgar
4	cita
\.


--
-- TOC entry 2024 (class 0 OID 57936)
-- Dependencies: 174
-- Data for Name: detalle_cita; Type: TABLE DATA; Schema: public; Owner: postgres
--

COPY detalle_cita (iddetalle_citas, idservicio, idcitas) FROM stdin;
1	1	1
2	3	2
3	4	9
\.


--
-- TOC entry 2043 (class 0 OID 0)
-- Dependencies: 175
-- Name: detalle_cita_iddetalle_citas_seq; Type: SEQUENCE SET; Schema: public; Owner: postgres
--

SELECT pg_catalog.setval('detalle_cita_iddetalle_citas_seq', 3, true);


--
-- TOC entry 2044 (class 0 OID 0)
-- Dependencies: 177
-- Name: mascotas_idmascotas_seq; Type: SEQUENCE SET; Schema: public; Owner: postgres
--

SELECT pg_catalog.setval('mascotas_idmascotas_seq', 2, true);


--
-- TOC entry 2028 (class 0 OID 57949)
-- Dependencies: 178
-- Data for Name: notificaciones; Type: TABLE DATA; Schema: public; Owner: postgres
--

COPY notificaciones (idnotificaciones, idcitas, hora, fecha, imagen, contenido, asunto) FROM stdin;
1	1	10:00	2014/07/02	mascota.jpg	Buenas tardes ya puede recoger a su mascota a las 13h00	ServPet: Mascota Lista
2	2	10:30	2014/07/02	mascota2.jpg	Buenos dias su mascota ya se le realizo su respectivo ba침o mensual	ServPet: Mascota ba침ada
\.


--
-- TOC entry 2045 (class 0 OID 0)
-- Dependencies: 179
-- Name: notificaciones_idnotificaciones_seq; Type: SEQUENCE SET; Schema: public; Owner: postgres
--

SELECT pg_catalog.setval('notificaciones_idnotificaciones_seq', 2, true);


--
-- TOC entry 2046 (class 0 OID 0)
-- Dependencies: 181
-- Name: rol_idrol_seq; Type: SEQUENCE SET; Schema: public; Owner: postgres
--

SELECT pg_catalog.setval('rol_idrol_seq', 4, true);


--
-- TOC entry 2047 (class 0 OID 0)
-- Dependencies: 183
-- Name: servicios_idservicio_seq; Type: SEQUENCE SET; Schema: public; Owner: postgres
--

SELECT pg_catalog.setval('servicios_idservicio_seq', 3, true);


--
-- TOC entry 2035 (class 0 OID 57979)
-- Dependencies: 185
-- Data for Name: usuario_has_citas; Type: TABLE DATA; Schema: public; Owner: postgres
--

COPY usuario_has_citas (idusuario_citas, idusuario, idcitas) FROM stdin;
3	920818184	1
6	923468780	1
7	950425677	1
8	923468780	2
9	950425677	2
10	920818184	2
11	920818184	3
12	920818184	4
14	920818184	6
19	950425677	6
20	923468780	6
21	0930425731	9
22	0989647452	9
23	0965857410	9
\.


--
-- TOC entry 2048 (class 0 OID 0)
-- Dependencies: 186
-- Name: usuario_has_citas_idusuario_citas_seq; Type: SEQUENCE SET; Schema: public; Owner: postgres
--

SELECT pg_catalog.setval('usuario_has_citas_idusuario_citas_seq', 20, true);


-- Completed on 2014-09-01 21:40:09

--
-- PostgreSQL database dump complete
--

